Campaign,Ad Group,Keyword,Match Type,Max CPC Bid (PLN)
Клининг Варшава RU 2025,Уборка Квартир Варшава,уборка квартир варшава,Phrase,8
Клининг Варшава RU 2025,Уборка Квартир Варшава,клининг варшава,Phrase,7
Клининг Варшава RU 2025,Уборка Квартир Варшава,уборка квартиры варшава,Phrase,8
Клининг Варшава RU 2025,Уборка Квартир Варшава,уборка дома варшава,Phrase,7
Клининг Варшава RU 2025,Уборка Квартир Варшава,клининговая компания варшава,Phrase,6
Клининг Варшава RU 2025,Уборка Квартир Варшава,услуги уборки варшава,Phrase,6
Клининг Варшава RU 2025,Уборка Квартир Варшава,профессиональная уборка варшава,Phrase,7
Клининг Варшава RU 2025,Уборка Квартир Варшава,уборка квартир недорого варшава,Phrase,9
Клининг Варшава RU 2025,Уборка Квартир Варшава,заказать уборку варшава,Phrase,8
Клининг Варшава RU 2025,Уборка Квартир Варшава,уборка квартир цена варшава,Phrase,7
Клининг Варшава RU 2025,Генеральная Уборка,генеральная уборка варшава,Phrase,9
Клининг Варшава RU 2025,Генеральная Уборка,генеральная уборка квартиры варшава,Phrase,9
Клининг Варшава RU 2025,Генеральная Уборка,глубокая уборка варшава,Phrase,8
Клининг Варшава RU 2025,Генеральная Уборка,генеральная уборка дома варшава,Phrase,8
Клининг Варшава RU 2025,Генеральная Уборка,генеральная уборка цена варшава,Phrase,7
Клининг Варшава RU 2025,Генеральная Уборка,заказать генеральную уборку варшава,Phrase,9
Клининг Варшава RU 2025,Уборка После Ремонта,уборка после ремонта варшава,Phrase,10
Клининг Варшава RU 2025,Уборка После Ремонта,уборка квартиры после ремонта варшава,Phrase,10
Клининг Варшава RU 2025,Уборка После Ремонта,послестроительная уборка варшава,Phrase,9
Клининг Варшава RU 2025,Уборка После Ремонта,уборка после строительства варшава,Phrase,9
Клининг Варшава RU 2025,Уборка После Ремонта,клининг после ремонта варшава,Phrase,10
Клининг Варшава RU 2025,Уборка После Ремонта,удаление строительной пыли варшава,Phrase,8
Клининг Варшава RU 2025,Химчистка Мебели,химчистка мебели варшава,Phrase,9
Клининг Варшава RU 2025,Химчистка Мебели,химчистка дивана варшава,Phrase,9
Клининг Варшава RU 2025,Химчистка Мебели,чистка мебели варшава,Phrase,8
Клининг Варшава RU 2025,Химчистка Мебели,химчистка ковров варшава,Phrase,8
Клининг Варшава RU 2025,Химчистка Мебели,чистка дивана варшава,Phrase,9
Клининг Варшава RU 2025,Химчистка Мебели,химчистка матраса варшава,Phrase,8
Клининг Варшава RU 2025,Химчистка Мебели,чистка ковров варшава,Phrase,8
Клининг Варшава RU 2025,Мытье Окон,мытье окон варшава,Phrase,8
Клининг Варшава RU 2025,Мытье Окон,мойка окон варшава,Phrase,8
Клининг Варшава RU 2025,Мытье Окон,помыть окна варшава,Phrase,7
Клининг Варшава RU 2025,Мытье Окон,чистка окон варшава,Phrase,7
Клининг Варшава RU 2025,Мытье Окон,мытье окон цена варшава,Phrase,7
Клининг Варшава RU 2025,Уборка Офисов,уборка офисов варшава,Phrase,7
Клининг Варшава RU 2025,Уборка Офисов,клининг офисов варшава,Phrase,7
Клининг Варшава RU 2025,Уборка Офисов,уборка офиса варшава,Phrase,7
Клининг Варшава RU 2025,Уборка Офисов,клининг для офиса варшава,Phrase,6
Клининг Варшава RU 2025,Уборка Офисов,профессиональная уборка офисов варшава,Phrase,7
Клининг Варшава RU 2025,Районы - Мокотов,уборка квартир мокотов,Phrase,8
Клининг Варшава RU 2025,Районы - Мокотов,клининг мокотов,Phrase,7
Клининг Варшава RU 2025,Районы - Мокотов,уборка мокотов,Phrase,7
Клининг Варшава RU 2025,Районы - Урсынов,уборка квартир урсынов,Phrase,8
Клининг Варшава RU 2025,Районы - Урсынов,клининг урсынов,Phrase,7
Клининг Варшава RU 2025,Районы - Урсынов,уборка урсынов,Phrase,7
Клининг Варшава RU 2025,Районы - Виланов,уборка квартир виланов,Phrase,8
Клининг Варшава RU 2025,Районы - Виланов,клининг виланов,Phrase,7
Клининг Варшава RU 2025,Районы - Виланов,уборка виланов,Phrase,7
Клининг Варшава RU 2025,Районы - Центр,уборка квартир центр варшава,Phrase,9
Клининг Варшава RU 2025,Районы - Центр,клининг śródmieście,Phrase,8
Клининг Варшава RU 2025,Районы - Центр,уборка центр варшава,Phrase,8
Клининг Варшава RU 2025,Срочная Уборка,срочная уборка варшава,Phrase,10
Клининг Варшава RU 2025,Срочная Уборка,уборка сегодня варшава,Phrase,10
Клининг Варшава RU 2025,Срочная Уборка,быстрая уборка варшава,Phrase,9
Клининг Варшава RU 2025,Срочная Уборка,уборка на дом варшава,Phrase,8
Клининг Варшава RU 2025,Новогодняя Уборка,уборка после праздников варшава,Phrase,9
Клининг Варшава RU 2025,Новогодняя Уборка,уборка после нового года варшава,Phrase,9
Клининг Варшава RU 2025,Новогодняя Уборка,уборка после вечеринки варшава,Phrase,8
