Campaign,Ad Group,Headline 1,Headline 2,Headline 3,Headline 4,Headline 5,Headline 6,Headline 7,Headline 8,Headline 9,Headline 10,Headline 11,Headline 12,Headline 13,Headline 14,Headline 15,Description 1,Description 2,Description 3,Description 4,Path 1,Path 2,Final URL
Клининг Варшава RU 2025,Уборка Квартир Варшава,Уборка Квартир Варшава,От 160 zł | Выезд за 2 часа,⭐ Рейтинг 4.9/5,Скидка 10% Первый Заказ,Kärcher | 2500+ Клиентов,Профессиональная Уборка,Звоните +48 888 742 534,Уборка Квартир Недорого,Генеральная Уборка,Стандартная Уборка,Быстро и Качественно,Экологичные Средства,Гарантия Качества 100%,Работаем 7 Дней,Мокотов Урсынов Виланов,Профессиональная уборка квартир в Варшаве. Оборудование Kärcher. Выезд за 2 часа. Рейтинг 4.9/5. Скидка 10% при первом заказе!,Стандартная и генеральная уборка от 160 zł. 2500+ довольных клиентов. Экологичные средства. Работаем по всей Варшаве. Звоните!,Быстрая уборка квартир с гарантией качества. Профессиональное оборудование. Безопасные средства для детей и животных. Заказать онлайн!,Клининг в Варшаве: Мокотов Урсынов Виланов Центр. Опытная команда. Прозрачные цены. Работаем 7 дней в неделю 8:00-20:00.,uborka-kvartir,varshava,https://brightwaw.pl/ru/
Клининг Варшава RU 2025,Генеральная Уборка,Генеральная Уборка Варшава,От 350 zł | Глубокая Чистка,⭐ 4.9/5 | 280+ Отзывов,Скидка 10% Новым Клиентам,Kärcher Professional,Генеральная Уборка Квартиры,+48 888 742 534,Глубокая Уборка Дома,Все Включено,Уборка Всех Помещений,Мытье Окон Включено,Чистка Всех Поверхностей,100% Гарантия Качества,Выезд За 2 Часа,Работаем Каждый День,Генеральная уборка квартир в Варшаве от 350 zł. Глубокая чистка всех помещений. Оборудование Kärcher. Рейтинг 4.9/5. Скидка 10%!,Профессиональная генеральная уборка: мытье окон полов стен потолков. Чистка всех поверхностей. 2500+ клиентов. Звоните сейчас!,Глубокая уборка квартиры с гарантией. Удаление всех загрязнений. Экологичные средства. Быстрый выезд. Работаем по всей Варшаве.,Генеральная уборка дома под ключ. Опытная команда. Современное оборудование. Прозрачные цены. Заказать онлайн или по телефону!,generalnaya,uborka,https://brightwaw.pl/ru/
Клининг Варшава RU 2025,Уборка После Ремонта,Уборка После Ремонта Варшава,От 350 zł | Удаление Пыли,⭐ Рейтинг 4.9/5,Скидка 10% При Заказе,Kärcher HEPA-Фильтры,Послестроительная Уборка,Звоните +48 888 742 534,Удаление Строит. Пыли,Мытье Окон После Ремонта,Чистка Всех Поверхностей,Полировка До Блеска,Профессиональное Оборудование,Гарантия Результата,Выезд В День Обращения,Опытная Команда,Уборка после ремонта в Варшаве от 350 zł. Удаление строительной пыли мытье окон полировка. Kärcher HEPA. Рейтинг 4.9/5!,Профессиональная послестроительная уборка. Удаляем цементную и гипсовую пыль. Моем окна. Полируем поверхности. Звоните!,Уборка квартиры после ремонта с гарантией. Промышленные пылесосы. Экологичные средства. Быстрый выезд. Работаем 7 дней.,Клининг после строительства под ключ. Удаление пятен краски клея затирки. Опытная команда. Современное оборудование. Заказать!,posle-remonta,varshava,https://brightwaw.pl/ru/remont.html
Клининг Варшава RU 2025,Химчистка Мебели,Химчистка Мебели Варшава,От 160 zł | Диван Как Новый,⭐ 4.9/5 | 2500+ Клиентов,Скидка 10% Первый Заказ,Kärcher Professional,Химчистка Дивана Ковра,+48 888 742 534,Чистка Мебели На Дому,Удаление Пятен и Запахов,Химчистка Матраса,Чистка Ковров,Безопасные Средства,Быстрое Высыхание,Выезд За 2 Часа,Гарантия Качества,Химчистка мебели в Варшаве от 160 zł. Чистка дивана ковра матраса на дому. Kärcher. Удаление пятен и запахов. Рейтинг 4.9/5!,Профессиональная химчистка мебели: диваны кресла ковры матрасы. Удаляем 99% пятен. Экологичные средства. Звоните сейчас!,Чистка мебели с гарантией качества. Безопасно для детей и животных. Быстрое высыхание. Работаем по всей Варшаве 7 дней.,Химчистка дивана ковра на дому. Современное оборудование Kärcher. Опытные специалисты. Прозрачные цены. Заказать онлайн!,himchistka,mebeli,https://brightwaw.pl/ru/pranie.html
Клининг Варшава RU 2025,Мытье Окон,Мытье Окон Варшава,От 35 zł За Окно,⭐ Рейтинг 4.9/5,Скидка 10% Новым Клиентам,Профессиональная Мойка,Мытье Окон Снаружи Внутри,Звоните +48 888 742 534,Чистка Окон Без Разводов,Мойка Рам Подоконников,Удаление Защитных Пленок,Быстро и Качественно,Безопасные Средства,Работаем На Высоте,Выезд В День Заказа,Гарантия Чистоты,Мытье окон в Варшаве от 35 zł за окно. Чистка снаружи и внутри без разводов. Профессиональное оборудование. Рейтинг 4.9/5!,Профессиональная мойка окон: удаление пленок чистка рам подоконников. Работаем на высоте. Безопасные средства. Звоните!,Чистка окон с гарантией качества. Без разводов и пятен. Быстрый выезд. Работаем по всей Варшаве 7 дней в неделю 8:00-20:00.,Мойка окон в квартире доме офисе. Опытная команда. Современное оборудование. Прозрачные цены. Заказать онлайн или по телефону!,mytye-okon,varshava,https://brightwaw.pl/ru/
Клининг Варшава RU 2025,Уборка Офисов,Уборка Офисов Варшава,От 200 zł | Клининг Офиса,⭐ 4.9/5 | Для Бизнеса,Скидка 10% При Заказе,Kärcher Professional,Профессиональная Уборка,+48 888 742 534,Клининг Для Офиса,Регулярная Уборка,Генеральная Уборка Офиса,Мытье Окон Полов,Чистка Всех Поверхностей,Работаем В Выходные,Быстрый Выезд,Договор С Компанией,Уборка офисов в Варшаве от 200 zł. Профессиональный клининг для бизнеса. Kärcher. Регулярная и генеральная уборка. Рейтинг 4.9/5!,Клининг офисов: мытье полов окон чистка поверхностей. Экологичные средства. Работаем в выходные. Договор с компанией. Звоните!,Профессиональная уборка офиса с гарантией. Опытная команда. Современное оборудование. Быстрый выезд. Работаем 7 дней.,Уборка офисных помещений под ключ. Регулярное обслуживание. Прозрачные цены. Индивидуальный подход. Заказать онлайн!,uborka-ofisov,varshava,https://brightwaw.pl/ru/
Клининг Варшава RU 2025,Районы - Мокотов,Уборка Квартир Мокотов,От 160 zł | Выезд За 2 часа,⭐ Рейтинг 4.9/5,Скидка 10% Первый Заказ,Клининг Мокотов,Профессиональная Уборка,+48 888 742 534,Уборка В Мокотове,Генеральная Уборка,Химчистка Мебели,Мытье Окон,Kärcher Professional,Работаем Каждый День,Быстрый Выезд,Гарантия Качества,Уборка квартир в Мокотове от 160 zł. Профессиональный клининг с выездом за 2 часа. Kärcher. Рейтинг 4.9/5. Скидка 10%!,Клининг в Мокотове: стандартная генеральная уборка химчистка мебели мытье окон. 2500+ клиентов. Экологичные средства. Звоните!,Профессиональная уборка квартир в районе Мокотов. Опытная команда. Современное оборудование. Работаем 7 дней в неделю.,Уборка дома в Мокотове с гарантией качества. Быстрый выезд. Прозрачные цены. Безопасные средства. Заказать онлайн!,mokotov,uborka,https://brightwaw.pl/ru/
Клининг Варшава RU 2025,Районы - Урсынов,Уборка Квартир Урсынов,От 160 zł | Быстрый Выезд,⭐ 4.9/5 | 280+ Отзывов,Скидка 10% Новым Клиентам,Клининг Урсынов,Профессиональная Уборка,Звоните +48 888 742 534,Уборка В Урсынове,Генеральная Уборка,Химчистка Мебели,Мытье Окон,Kärcher Professional,Работаем 7 Дней,Выезд За 2 Часа,100% Гарантия,Уборка квартир в Урсынове от 160 zł. Профессиональный клининг с быстрым выездом. Kärcher. Рейтинг 4.9/5. Скидка 10%!,Клининг в Урсынове: стандартная генеральная уборка химчистка мебели мытье окон. 2500+ довольных клиентов. Звоните сейчас!,Профессиональная уборка квартир в районе Урсынов. Опытная команда. Современное оборудование. Экологичные средства.,Уборка дома в Урсынове с гарантией качества. Быстрый выезд за 2 часа. Прозрачные цены. Работаем каждый день. Заказать!,ursynov,uborka,https://brightwaw.pl/ru/
Клининг Варшава RU 2025,Районы - Виланов,Уборка Квартир Виланов,От 160 zł | Выезд За 2 часа,⭐ Рейтинг 4.9/5,Скидка 10% При Заказе,Клининг Виланов,Профессиональная Уборка,+48 888 742 534,Уборка В Виланове,Генеральная Уборка,Химчистка Мебели,Мытье Окон,Kärcher Professional,Работаем Каждый День,Быстрый Выезд,Гарантия Качества,Уборка квартир в Виланове от 160 zł. Профессиональный клининг с выездом за 2 часа. Kärcher. Рейтинг 4.9/5. Скидка 10%!,Клининг в Виланове: стандартная генеральная уборка химчистка мебели мытье окон. 2500+ клиентов. Экологичные средства. Звоните!,Профессиональная уборка квартир в районе Виланов. Опытная команда. Современное оборудование. Работаем 7 дней в неделю.,Уборка дома в Виланове с гарантией качества. Быстрый выезд. Прозрачные цены. Безопасные средства. Заказать онлайн!,wilanow,uborka,https://brightwaw.pl/ru/
Клининг Варшава RU 2025,Районы - Центр,Уборка Квартир Центр Варшава,От 160 zł | Быстрый Выезд,⭐ 4.9/5 | 280+ Отзывов,Скидка 10% Первый Заказ,Клининг Śródmieście,Профессиональная Уборка,+48 888 742 534,Уборка В Центре,Генеральная Уборка,Химчистка Мебели,Мытье Окон,Kärcher Professional,Работаем 7 Дней,Выезд За 2 Часа,Гарантия Качества,Уборка квартир в центре Варшавы от 160 zł. Профессиональный клининг Śródmieście. Kärcher. Рейтинг 4.9/5. Скидка 10%!,Клининг в центре: стандартная генеральная уборка химчистка мебели мытье окон. 2500+ довольных клиентов. Звоните сейчас!,Профессиональная уборка квартир в Śródmieście. Опытная команда. Современное оборудование. Экологичные средства. Быстрый выезд.,Уборка дома в центре Варшавы с гарантией. Прозрачные цены. Работаем каждый день 8:00-20:00. Заказать онлайн или по телефону!,srodmiescie,uborka,https://brightwaw.pl/ru/
Клининг Варшава RU 2025,Срочная Уборка,Срочная Уборка Варшава,Выезд За 2 Часа | От 160 zł,⭐ Рейтинг 4.9/5,Скидка 10% При Заказе,Уборка Сегодня,Быстрая Уборка Квартиры,Звоните +48 888 742 534,Уборка На Дом,Экспресс Уборка,Работаем 7 Дней,Kärcher Professional,Профессиональная Команда,Гарантия Качества,Уборка В День Обращения,Быстрый Выезд,Срочная уборка в Варшаве с выездом за 2 часа. Работаем сегодня! Профессиональное оборудование Kärcher. Рейтинг 4.9/5!,Быстрая уборка квартиры в день обращения. Экспресс-клининг. Опытная команда. Экологичные средства. Работаем 7 дней. Звоните!,Уборка на дом с гарантией качества. Выезд в течение 2 часов. Современное оборудование. Прозрачные цены. Работаем каждый день.,Срочный клининг квартиры дома офиса. Профессиональная команда. Быстрый выезд. Безопасные средства. Заказать онлайн!,srochnaya,uborka,https://brightwaw.pl/ru/
Клининг Варшава RU 2025,Новогодняя Уборка,Уборка После Праздников,От 160 zł | Выезд За 2 часа,⭐ 4.9/5 | 2500+ Клиентов,Скидка 10% В Январе,Уборка После Нового Года,Клининг После Вечеринки,+48 888 742 534,Уборка После Гостей,Генеральная Уборка,Удаление Пятен Запахов,Мытье Всех Поверхностей,Kärcher Professional,Работаем Каждый День,Быстрый Выезд,Гарантия Качества,Уборка после праздников в Варшаве от 160 zł. Клининг после Нового года и вечеринок. Kärcher. Рейтинг 4.9/5. Скидка 10%!,Профессиональная уборка после гостей: удаление пятен запахов мытье всех поверхностей. 2500+ клиентов. Экологичные средства. Звоните!,Уборка квартиры после праздников с гарантией. Быстрый выезд за 2 часа. Опытная команда. Работаем 7 дней в неделю.,Клининг после вечеринки под ключ. Современное оборудование. Прозрачные цены. Безопасные средства. Заказать онлайн!,posle-prazdnikov,uborka,https://brightwaw.pl/ru/
