Extension Type,Campaign,Ad Group,Extension Text,Extension Description,Phone Number,Final URL
Sitelink,Клининг Варшава RU 2025,All,Цены на Уборку,Прозрачные цены от 160 zł,,https://brightwaw.pl/ru/cennik.html
Sitelink,Клининг Варшава RU 2025,All,Химчистка Мебели,Чистка дивана ковра от 160 zł,,https://brightwaw.pl/ru/pranie.html
Sitelink,Клининг Варшава RU 2025,All,Уборка После Ремонта,Удаление пыли от 350 zł,,https://brightwaw.pl/ru/remont.html
Sitelink,Клининг Варшава RU 2025,All,Отзывы Клиентов,280+ отзывов рейтинг 4.9/5,,https://g.page/r/CQmCteFzMdvWEB0
Callout,Клининг Варшава RU 2025,All,⭐ Рейтинг 4.9/5,,,
Callout,Клининг Варшава RU 2025,All,Выезд за 2 часа,,,
Callout,Клининг Варшава RU 2025,All,Скидка 10% первый заказ,,,
Callout,Клининг Варшава RU 2025,All,Оборудование Kärcher,,,
Callout,Клининг Варшава RU 2025,All,2500+ довольных клиентов,,,
Callout,Клининг Варшава RU 2025,All,Работаем 7 дней 8:00-20:00,,,
Callout,Клининг Варшава RU 2025,All,Экологичные средства,,,
Callout,Клининг Варшава RU 2025,All,Гарантия качества 100%,,,
Callout,Клининг Варшава RU 2025,All,Безопасно для детей,,,
Callout,Клининг Варшава RU 2025,All,Прозрачные цены,,,
Structured Snippet,Клининг Варшава RU 2025,All,Услуги: Стандартная уборка,,,
Structured Snippet,Клининг Варшава RU 2025,All,Услуги: Генеральная уборка,,,
Structured Snippet,Клининг Варшава RU 2025,All,Услуги: Уборка после ремонта,,,
Structured Snippet,Клининг Варшава RU 2025,All,Услуги: Химчистка мебели,,,
Structured Snippet,Клининг Варшава RU 2025,All,Услуги: Мытье окон,,,
Structured Snippet,Клининг Варшава RU 2025,All,Услуги: Уборка офисов,,,
Structured Snippet,Клининг Варшава RU 2025,All,Районы: Мокотов,,,
Structured Snippet,Клининг Варшава RU 2025,All,Районы: Урсынов,,,
Structured Snippet,Клининг Варшава RU 2025,All,Районы: Виланов,,,
Structured Snippet,Клининг Варшава RU 2025,All,Районы: Śródmieście,,,
Structured Snippet,Клининг Варшава RU 2025,All,Районы: Wola,,,
Structured Snippet,Клининг Варшава RU 2025,All,Районы: Praga,,,
Call,Клининг Варшава RU 2025,All,,,+48 888 742 534,
Price,Клининг Варшава RU 2025,All,Стандартная уборка,От 160 zł за уборку,,https://brightwaw.pl/ru/cennik.html
Price,Клининг Варшава RU 2025,All,Генеральная уборка,От 350 zł за уборку,,https://brightwaw.pl/ru/cennik.html
Price,Клининг Варшава RU 2025,All,Уборка после ремонта,От 350 zł за объект,,https://brightwaw.pl/ru/remont.html
Price,Клининг Варшава RU 2025,All,Химчистка дивана,От 160 zł за диван,,https://brightwaw.pl/ru/pranie.html
Price,Клининг Варшава RU 2025,All,Мытье окон,От 35 zł за окно,,https://brightwaw.pl/ru/
Price,Клининг Варшава RU 2025,All,Химчистка ковра,От 15 zł за м²,,https://brightwaw.pl/ru/pranie.html
